first_name,last_name,contact_number,email,address,identification_type,identification_number,booking_id,check_in_date,check_out_date,booking_status,total_amount,room_id,room_number,room_type,room_status,price_per_night,max_occupancy,payment_id,booking_id,payment_date,payment_amount,payment_method,payment_status,staff_id,first_name,last_name,position,contact_number,email,hire_date,salary
Arun,Kumar,9445000001,arun.kumar@example.com,"12, Gandhi Street, Chennai",Aadhar,123456789012,1,2024-08-01,2024-08-05,Confirmed,6000,101,1,Single,Available,1500,1,1,1,2024-08-01,6000,"Credit Card",Paid,1,Arun,Kumar,Manager,9876543210,arun.kumar@example.com,2020-01-15,60000
Lakshmi,Subramanian,9445000002,lakshmi.subramanian@example.com,"45, Anna Nagar, Madurai","Voter ID",TN12345678,2,2024-08-02,2024-08-06,Checked-In,10000,102,2,Double,Occupied,2500,2,2,2,2024-08-02,10000,Cash,Paid,2,Priya,Ravi,Receptionist,9876543211,priya.ravi@example.com,2021-03-12,25000
Vijay,Raman,9445000003,vijay.raman@example.com,"67, MG Road, Coimbatore",Passport,M1234567,3,2024-08-03,2024-08-07,Cancelled,0,103,3,Suite,Available,4500,4,3,3,2024-08-03,0,"Online Transfer",Pending,3,Suresh,Babu,Housekeeping,9876543212,suresh.babu@example.com,2019-08-20,18000
Meena,Rajendran,9445000004,meena.rajendran@example.com,"89, Kamarajar Street, Tiruchirappalli",Aadhar,234567890123,4,2024-08-04,2024-08-08,Confirmed,6000,104,4,Single,"Under Maintenance",1500,1,4,4,2024-08-04,6000,"Credit Card",Paid,4,Lakshmi,Narayan,Receptionist,9876543213,lakshmi.narayan@example.com,2022-05-10,26000
Karthik,Ravi,9445000005,karthik.ravi@example.com,"23, Alagappa Nagar, Salem","Voter ID",TN23456789,5,2024-08-05,2024-08-09,Checked-In,10000,105,5,Double,Available,2500,2,5,5,2024-08-05,10000,Cash,Paid,5,Karthik,Subramani,Housekeeping,9876543214,karthik.subramani@example.com,2021-06-25,18000
Revathi,Suresh,9445000006,revathi.suresh@example.com,"56, Raja Street, Erode",Passport,N2345678,6,2024-08-06,2024-08-10,Cancelled,0,106,6,Suite,Occupied,4500,4,6,6,2024-08-06,0,"Online Transfer",Pending,6,Anitha,Devi,Manager,9876543215,anitha.devi@example.com,2018-11-05,62000
Prabhu,Venkat,9445000007,prabhu.venkat@example.com,"78, Valluvar Salai, Tirunelveli",Aadhar,345678901234,7,2024-08-07,2024-08-11,Confirmed,6000,107,7,Single,Available,1500,1,7,7,2024-08-07,6000,"Credit Card",Paid,7,Rajesh,Krishnan,Receptionist,9876543216,rajesh.krishnan@example.com,2020-09-14,25500
Sangeetha,Balaji,9445000008,sangeetha.balaji@example.com,"34, Muthu Street, Vellore","Voter ID",TN34567890,8,2024-08-08,2024-08-12,Checked-In,10000,108,8,Double,Occupied,2500,2,8,8,2024-08-08,10000,Cash,Paid,8,Deepa,Ravi,Housekeeping,9876543217,deepa.ravi@example.com,2022-02-19,18500
Ramesh,Natarajan,9445000009,ramesh.natarajan@example.com,"90, Anna Salai, Thanjavur",Passport,O3456789,9,2024-08-09,2024-08-13,Cancelled,0,109,9,Suite,Available,4500,4,9,9,2024-08-09,0,"Online Transfer",Pending,9,Vijay,Kumar,Manager,9876543218,vijay.kumar@example.com,2017-04-28,63000
Mohana,Vijayan,9445000010,mohana.vijayan@example.com,"12, KK Nagar, Chennai",Aadhar,456789012345,10,2024-08-10,2024-08-14,Confirmed,6000,110,10,Single,"Under Maintenance",1500,1,10,10,2024-08-10,6000,"Credit Card",Paid,10,Maya,Shankar,Receptionist,9876543219,maya.shankar@example.com,2023-01-17,27000
Saravanan,Perumal,9445000011,saravanan.perumal@example.com,"89, T Nagar, Chennai","Voter ID",TN45678901,11,2024-08-11,2024-08-15,Checked-In,10000,111,11,Double,Available,2500,2,11,11,2024-08-11,10000,Cash,Paid,11,Siva,Kannan,Housekeeping,9876543220,siva.kannan@example.com,2020-10-15,19000
Geetha,Aravind,9445000012,geetha.aravind@example.com,"67, Raja Annamalai Puram, Chennai",Passport,P4567890,12,2024-08-12,2024-08-16,Cancelled,0,112,12,Suite,Occupied,4500,4,12,12,2024-08-12,0,"Online Transfer",Pending,12,Meena,Ram,Manager,9876543221,meena.ram@example.com,2019-03-23,64000
Dinesh,Mohan,9445000013,dinesh.mohan@example.com,"45, Gandhi Nagar, Madurai",Aadhar,567890123456,13,2024-08-13,2024-08-17,Confirmed,6000,113,13,Single,Available,1500,1,13,13,2024-08-13,6000,"Credit Card",Paid,13,Ramesh,Iyer,Receptionist,9876543222,ramesh.iyer@example.com,2020-12-20,25000
Priya,Karthikeyan,9445000014,priya.karthikeyan@example.com,"34, Saravanampatti, Coimbatore","Voter ID",TN56789012,14,2024-08-14,2024-08-18,Checked-In,10000,114,14,Double,Occupied,2500,2,14,14,2024-08-14,10000,Cash,Paid,14,Lakshmi,Vasan,Housekeeping,9876543223,lakshmi.vasan@example.com,2021-07-09,18000
Sundar,Raghavan,9445000015,sundar.raghavan@example.com,"56, Race Course Road, Madurai",Passport,Q5678901,15,2024-08-15,2024-08-19,Cancelled,0,115,15,Suite,Available,4500,4,15,15,2024-08-15,0,"Online Transfer",Pending,15,Ganesh,Bala,Manager,9876543224,ganesh.bala@example.com,2016-08-05,65000
Nithya,Selvakumar,9445000016,nithya.selvakumar@example.com,"78, Bharathi Park, Coimbatore",Aadhar,678901234567,16,2024-08-16,2024-08-20,Confirmed,6000,116,16,Single,"Under Maintenance",1500,1,16,16,2024-08-16,6000,"Credit Card",Paid,16,Sandhya,Mohan,Receptionist,9876543225,sandhya.mohan@example.com,2023-03-21,26000
Gopal,Krishnan,9445000017,gopal.krishnan@example.com,"12, Periyar Street, Tirunelveli","Voter ID",TN67890123,17,2024-08-17,2024-08-21,Checked-In,10000,117,17,Double,Available,2500,2,17,17,2024-08-17,10000,Cash,Paid,17,Ravi,Sharma,Housekeeping,9876543226,ravi.sharma@example.com,2020-11-30,18000
Anjali,Raj,9445000018,anjali.raj@example.com,"89, LIC Colony, Salem",Passport,R6789012,18,2024-08-18,2024-08-22,Cancelled,0,118,18,Suite,Occupied,4500,4,18,18,2024-08-18,0,"Online Transfer",Pending,18,Shalini,Mani,Manager,9876543227,shalini.mani@example.com,2017-06-12,63000
Ravi,Shankar,9445000019,ravi.shankar@example.com,"34, Raja Colony, Thanjavur",Aadhar,789012345678,19,2024-08-19,2024-08-23,Confirmed,6000,119,19,Single,Available,1500,1,19,19,2024-08-19,6000,"Credit Card",Paid,19,Kumar,Selvam,Receptionist,9876543228,kumar.selvam@example.com,2019-09-18,25000
Swetha,Natarajan,9445000020,swetha.natarajan@example.com,"45, Gandhiji Street, Madurai","Voter ID",TN78901234,20,2024-08-20,2024-08-24,Checked-In,10000,120,20,Double,Occupied,2500,2,20,20,2024-08-20,10000,Cash,Paid,20,Deepak,Nair,Housekeeping,9876543229,deepak.nair@example.com,2021-08-07,18000
Manoj,Varadhan,9445000021,manoj.varadhan@example.com,"67, Vellala Street, Chennai",Passport,S7890123,21,2024-08-21,2024-08-25,Confirmed,18000,201,21,Suite,Available,4500,4,21,21,2024-08-21,18000,"Credit Card",Paid,21,Sudha,Raman,Manager,9876543230,sudha.raman@example.com,2018-05-29,62000
Janaki,Vishwanathan,9445000022,janaki.vishwanathan@example.com,"78, West Mambalam, Chennai",Aadhar,890123456789,22,2024-08-22,2024-08-26,Checked-In,6000,202,22,Single,"Under Maintenance",1500,1,22,22,2024-08-22,6000,Cash,Paid,22,Manoj,Varma,Receptionist,9876543231,manoj.varma@example.com,2022-01-10,27000
Vikram,Rajan,9445000023,vikram.rajan@example.com,"12, RS Puram, Coimbatore","Voter ID",TN89012345,23,2024-08-23,2024-08-27,Cancelled,0,203,23,Double,Available,2500,2,23,23,2024-08-23,0,"Online Transfer",Pending,23,Kavitha,Iyer,Housekeeping,9876543232,kavitha.iyer@example.com,2019-12-18,18500
Aishwarya,Selvam,9445000024,aishwarya.selvam@example.com,"89, Keelkattalai, Chennai",Passport,T8901234,24,2024-08-24,2024-08-28,Confirmed,18000,204,24,Suite,Occupied,4500,4,24,24,2024-08-24,18000,"Credit Card",Paid,24,Ravi,Kumar,Manager,9876543233,ravi.kumar@example.com,2016-11-21,64000
Naveen,Arul,9445000025,naveen.arul@example.com,"34, Adayar, Chennai",Aadhar,901234567890,25,2024-08-25,2024-08-29,Checked-In,6000,205,25,Single,Available,1500,1,25,25,2024-08-25,6000,Cash,Paid,25,Neha,Sharma,Receptionist,9876543234,neha.sharma@example.com,2021-02-13,26000
Divya,Murugan,9445000026,divya.murugan@example.com,"45, Kotturpuram, Chennai","Voter ID",TN90123456,26,2024-08-26,2024-08-30,Cancelled,0,206,26,Double,Occupied,2500,2,26,26,2024-08-26,0,"Online Transfer",Pending,26,Srinivas,Rao,Housekeeping,9876543235,srinivas.rao@example.com,2020-06-24,19000
Kiran,Sekar,9445000027,kiran.sekar@example.com,"67, Peelamedu, Coimbatore",Passport,U9012345,27,2024-08-27,2024-08-31,Confirmed,18000,207,27,Suite,Available,4500,4,27,27,2024-08-27,18000,"Credit Card",Paid,27,Vishnu,Das,Manager,9876543236,vishnu.das@example.com,2017-03-14,63000
Saraswathi,Balan,9445000028,saraswathi.balan@example.com,"78, Saibaba Colony, Coimbatore",Aadhar,012345678901,28,2024-08-28,2024-09-01,Checked-In,6000,208,28,Single,"Under Maintenance",1500,1,28,28,2024-08-28,6000,Cash,Paid,28,Rani,Subramani,Receptionist,9876543237,rani.subramani@example.com,2022-09-12,25500
Muthu,Kumar,9445000029,muthu.kumar@example.com,"12, Saibaba Street, Madurai","Voter ID",TN01234567,29,2024-08-29,2024-09-02,Cancelled,0,209,29,Double,Available,2500,2,29,29,2024-08-29,0,"Online Transfer",Pending,29,Muthu,Raman,Housekeeping,9876543238,muthu.raman@example.com,2019-04-26,18000
Sanjay,Rajan,9445000030,sanjay.rajan@example.com,"89, KK Nagar, Madurai",Passport,V0123456,30,2024-08-30,2024-09-03,Confirmed,18000,210,30,Suite,Occupied,4500,4,30,30,2024-08-30,18000,"Credit Card",Paid,30,Priya,Bala,Manager,9876543239,priya.bala@example.com,2018-07-31,62000
Radha,Srinivasan,9445000031,radha.srinivasan@example.com,"34, GN Mills, Coimbatore",Aadhar,123456789012,31,2024-08-31,2024-09-04,Checked-In,6000,211,31,Single,Available,1500,1,31,31,2024-08-31,6000,Cash,Paid,31,Sanjay,Patel,Receptionist,9876543240,sanjay.patel@example.com,2021-11-18,25000
Shankar,Kumar,9445000032,shankar.kumar@example.com,"45, Lakshmi Mills, Coimbatore","Voter ID",TN12345678,32,2024-09-01,2024-09-05,Cancelled,0,212,32,Double,Occupied,2500,2,32,32,2024-09-01,0,"Online Transfer",Pending,32,Aarthi,Krishnan,Housekeeping,9876543241,aarthi.krishnan@example.com,2020-02-21,18000
Latha,Ram,9445000033,latha.ram@example.com,"67, Gandhi Nagar, Tiruchirappalli",Passport,W1234567,33,2024-09-02,2024-09-06,Confirmed,18000,213,33,Suite,Available,4500,4,33,33,2024-09-02,18000,"Credit Card",Paid,33,Vinod,Kumar,Manager,9876543242,vinod.kumar@example.com,2016-10-27,65000
Ashok,Ramachandran,9445000034,ashok.ramachandran@example.com,"78, Thillai Nagar, Tiruchirappalli",Aadhar,234567890123,34,2024-09-03,2024-09-07,Checked-In,6000,214,34,Single,"Under Maintenance",1500,1,34,34,2024-09-03,6000,Cash,Paid,34,Jyothi,Rao,Receptionist,9876543243,jyothi.rao@example.com,2022-06-09,26000
Kavitha,Sundaram,9445000035,kavitha.sundaram@example.com,"12, Ram Nagar, Erode","Voter ID",TN23456789,35,2024-09-04,2024-09-08,Cancelled,0,215,35,Double,Available,2500,2,35,35,2024-09-04,0,"Online Transfer",Pending,35,Kiran,Mohan,Housekeeping,9876543244,kiran.mohan@example.com,2019-08-19,18000
Vivek,Ramanathan,9445000036,vivek.ramanathan@example.com,"45, Chokkikulam, Madurai",Passport,X2345678,36,2024-09-05,2024-09-09,Confirmed,18000,216,36,Suite,Occupied,4500,4,36,36,2024-09-05,18000,"Credit Card",Paid,36,Lakshman,Iyer,Manager,9876543245,lakshman.iyer@example.com,2017-12-15,64000
Uma,Krishnan,9445000037,uma.krishnan@example.com,"67, Velachery, Chennai",Aadhar,345678901234,37,2024-09-06,2024-09-10,Checked-In,6000,217,37,Single,Available,1500,1,37,37,2024-09-06,6000,Cash,Paid,37,Sindu,Vasudev,Receptionist,9876543246,sindu.vasudev@example.com,2021-01-08,25500
Raja,Srinivasan,9445000038,raja.srinivasan@example.com,"78, Porur, Chennai","Voter ID",TN34567890,38,2024-09-07,2024-09-11,Cancelled,0,218,38,Double,Occupied,2500,2,38,38,2024-09-07,0,"Online Transfer",Pending,38,Rakesh,Menon,Housekeeping,9876543247,rakesh.menon@example.com,2022-07-22,18000
Sita,Murali,9445000039,sita.murali@example.com,"12, Mogappair, Chennai",Passport,Y3456789,39,2024-09-08,2024-09-12,Confirmed,18000,219,39,Suite,Available,4500,4,39,39,2024-09-08,18000,"Credit Card",Paid,39,Divya,Sharma,Manager,9876543248,divya.sharma@example.com,2018-04-06,62000
Bala,Subramanian,9445000040,bala.subramanian@example.com,"34, Adambakkam, Chennai",Aadhar,456789012345,40,2024-09-09,2024-09-13,Checked-In,6000,220,40,Single,"Under Maintenance",1500,1,40,40,2024-09-09,6000,Cash,Paid,40,Naveen,Nair,Receptionist,9876543249,naveen.nair@example.com,2020-11-17,25000
Nandhini,Saravanan,9445000041,nandhini.saravanan@example.com,"45, Vadapalani, Chennai","Voter ID",TN45678901,41,2024-09-10,2024-09-14,Confirmed,18000,301,41,Double,Available,2500,2,41,41,2024-09-10,18000,"Credit Card",Paid,41,Kavitha,Reddy,Housekeeping,9876543250,kavitha.reddy@example.com,2021-06-13,18000
Mohan,Krishna,9445000042,mohan.krishna@example.com,"67, Ambattur, Chennai",Passport,Z4567890,42,2024-09-11,2024-09-15,Checked-In,6000,302,42,Suite,Occupied,4500,4,42,42,2024-09-11,6000,Cash,Paid,42,Madhavan,Raj,Manager,9876543251,madhavan.raj@example.com,2016-03-29,65000
Kalyani,Muthu,9445000043,kalyani.muthu@example.com,"78, Avinashi Road, Coimbatore",Aadhar,567890123456,43,2024-09-12,2024-09-16,Cancelled,0,303,43,Single,Available,1500,1,43,43,2024-09-12,0,"Online Transfer",Pending,43,Pooja,Nair,Receptionist,9876543252,pooja.nair@example.com,2022-08-14,26000
Prakash,Ramesh,9445000044,prakash.ramesh@example.com,"12, Ramanathapuram, Coimbatore","Voter ID",TN56789012,44,2024-09-13,2024-09-17,Confirmed,18000,304,44,Double,Occupied,2500,2,44,44,2024-09-13,18000,"Credit Card",Paid,44,Arjun,Rao,Housekeeping,9876543253,arjun.rao@example.com,2019-05-25,18500
Vani,Narayan,9445000045,vani.narayan@example.com,"34, Kovaipudur, Coimbatore",Passport,A5678901,45,2024-09-14,2024-09-18,Checked-In,6000,305,45,Suite,Available,4500,4,45,45,2024-09-14,6000,Cash,Paid,45,Shiva,Kumar,Manager,9876543254,shiva.kumar@example.com,2017-11-10,64000
Gokul,Mohan,9445000046,gokul.mohan@example.com,"45, Trichy Road, Coimbatore",Aadhar,678901234567,46,2024-09-15,2024-09-19,Cancelled,0,306,46,Single,"Under Maintenance",1500,1,46,46,2024-09-15,0,"Online Transfer",Pending,46,Anjali,Mehta,Receptionist,9876543255,anjali.mehta@example.com,2021-04-12,25500
Anitha,Venkatesh,9445000047,anitha.venkatesh@example.com,"67, Marudhamalai, Coimbatore","Voter ID",TN67890123,47,2024-09-16,2024-09-20,Confirmed,18000,307,47,Double,Available,2500,2,47,47,2024-09-16,18000,"Credit Card",Paid,47,Gopal,Raman,Housekeeping,9876543256,gopal.raman@example.com,2020-08-16,18000
Ravi,Baskaran,9445000048,ravi.baskaran@example.com,"78, Thiruvanmiyur, Chennai",Passport,B6789012,48,2024-09-17,2024-09-21,Checked-In,6000,308,48,Suite,Occupied,4500,4,48,48,2024-09-17,6000,Cash,Paid,48,Mahesh,Shankar,Manager,9876543257,mahesh.shankar@example.com,2018-02-03,62000
Padma,Sundar,9445000049,padma.sundar@example.com,"12, Mylapore, Chennai",Aadhar,789012345678,49,2024-09-18,2024-09-22,Cancelled,0,309,49,Single,Available,1500,1,49,49,2024-09-18,0,"Online Transfer",Pending,49,Sunita,Rao,Receptionist,9876543258,sunita.rao@example.com,2022-05-08,25000
Shiva,Raj,9445000050,shiva.raj@example.com,"34, Teynampet, Chennai","Voter ID",TN78901234,50,2024-09-19,2024-09-23,Confirmed,18000,310,50,Double,Occupied,2500,2,50,50,2024-09-19,18000,"Credit Card",Paid,50,Sathish,Menon,Housekeeping,9876543259,sathish.menon@example.com,2019-10-22,18000
